date,portfolio_value,cumulative_return,drawdown
2024-07-09,548351100.0,-0.4516489,0.0
2024-07-10,549757009.4942518,-0.4502429905057481,0.0
2024-07-11,551660995.1035242,-0.4483390048964758,0.0
2024-07-12,548399667.6294047,-0.4516003323705954,-0.005911832634655556
2024-07-15,551274455.4788654,-0.44872554452113467,-0.0007006832603532187
2024-07-16,551355647.5642942,-0.4486443524357058,-0.0005535057615821959
2024-07-17,547068096.3645581,-0.4529319036354419,-0.008325581797031356
2024-07-18,541190883.9305044,-0.4588091160694956,-0.01897924860729905
2024-07-19,539329255.1004778,-0.4606707448995222,-0.022353837071138694
2024-07-22,536310255.39163727,-0.46368974460836276,-0.027826400358441528
2024-07-23,540859496.8943691,-0.4591405031056309,-0.0195799563591188
2024-07-24,540405734.58113,-0.45959426541886994,-0.020402494688394723
2024-07-25,530241979.31033844,-0.46975802068966155,-0.038826409666984474
2024-07-26,528612379.4750019,-0.47138762052499816,-0.04178039744172424
2024-07-29,532185347.0020006,-0.4678146529979994,-0.03530365255906642
2024-07-30,528832218.8752559,-0.4711677811247441,-0.04138189292136618
2024-07-31,530176187.5581432,-0.4698238124418568,-0.03894567086685041
2024-08-01,533215032.8585122,-0.46678496714148776,-0.03343713332777942
2024-08-02,519579131.85079277,-0.48042086814920726,-0.058155032778257176
2024-08-05,496816834.6444092,-0.5031831653555908,-0.09941641868086581
2024-08-06,507137904.9594123,-0.49286209504058776,-0.08070733754841009
2024-08-07,511455621.8005495,-0.4885443781994505,-0.0728805800298239
2024-08-08,509303174.839008,-0.490696825160992,-0.07678233668952328
2024-08-09,515387253.4327566,-0.4846127465672434,-0.0657536820488106
2024-08-12,518242355.1133974,-0.48175764488660255,-0.060578217939543655
2024-08-13,517541251.5820281,-0.48245874841797187,-0.06184911353954481
2024-08-14,521056916.1599525,-0.47894308384004747,-0.055476242140027554
2024-08-16,527905137.3568796,-0.4720948626431204,-0.043062420503712784
2024-08-19,523309653.3483951,-0.4766903466516049,-0.05139268863808055
2024-08-20,525912503.35989493,-0.4740874966401051,-0.0466744830107072
2024-08-21,525840270.2676645,-0.47415972973233556,-0.04680542047569314
2024-08-22,525490914.65746576,-0.4745090853425342,-0.04743869999572359
2024-08-23,524855295.7209319,-0.4751447042790681,-0.04859089118229576
2024-08-26,522993988.2243777,-0.4770060117756223,-0.05196489716255337
2024-08-27,521984414.0085649,-0.4780155859914351,-0.053794959872757064
2024-08-28,524361743.6598895,-0.4756382563401105,-0.04948555668415844
2024-08-29,519948113.7448805,-0.4800518862551195,-0.05748617654705224
2024-08-30,522557368.6551808,-0.47744263134481923,-0.05275636071185685
2024-09-02,522104961.9445493,-0.47789503805545064,-0.05357644173017606
2024-09-03,520458486.15421027,-0.4795415138457897,-0.05656102067440627
2024-09-04,509400259.58053374,-0.4905997404194663,-0.07660635045452113
2024-09-05,507902481.67928773,-0.49209751832071225,-0.07932138362623375
2024-09-06,504171482.38662785,-0.4958285176133721,-0.08608459386907441
2024-09-09,504450495.6049027,-0.49554950439509726,-0.08557882452748367
2024-09-10,505789091.3893413,-0.49421090861065875,-0.08315234196605581
2024-09-11,505666916.89107853,-0.49433308310892143,-0.08337380859020938
2024-09-12,513097061.70401376,-0.4869029382959862,-0.06990512967528828
2024-09-13,514066704.689406,-0.48593329531059404,-0.06814745060426708
2024-09-19,518072914.24069345,-0.48192708575930654,-0.060885364673149756
2024-09-20,521010021.430094,-0.478989978569906,-0.05556124856657352
2024-09-23,525163566.7087446,-0.47483643329125547,-0.04803208606366516
2024-09-24,527224058.93314844,-0.4727759410668515,-0.0442970164417551
2024-09-25,526189017.79750025,-0.47381098220249973,-0.046173243227471406
2024-09-26,532619413.79452395,-0.46738058620547607,-0.03451681644707716
2024-09-27,530039777.20589346,-0.46996022279410654,-0.03919294292969422
2024-09-30,525458816.32202035,-0.4745411836779796,-0.047496884887768376
2024-10-02,524593444.5232442,-0.4754065554767558,-0.04906555080117736
2024-10-04,528273434.34173405,-0.471726565658266,-0.042394805812582925
2024-10-07,535155182.5131509,-0.46484481748684914,-0.029920209579573198
2024-10-08,532705529.2387671,-0.46729447076123287,-0.03436071433906607
2024-10-10,534681485.17608047,-0.4653185148239195,-0.030778884275219354
2024-10-11,533760025.6712615,-0.46623997432873854,-0.0324492207916629
2024-10-14,538365711.9709946,-0.4616342880290054,-0.024100458887862164
2024-10-15,540303135.6786884,-0.4596968643213116,-0.020588476484012408
2024-10-16,536987970.9021761,-0.4630120290978239,-0.02659790039822285
2024-10-17,540618801.9602044,-0.4593811980397956,-0.020016265861333316
2024-10-18,539033677.8156756,-0.46096632218432443,-0.02288963221965501
2024-10-21,540131137.0110482,-0.4598688629889518,-0.020900259751575057
2024-10-22,539246814.8591014,-0.4607531851408986,-0.02250327711150424
2024-10-23,539906670.5018013,-0.4600933294981987,-0.021307151866912677
2024-10-24,537163834.0567322,-0.4628361659432678,-0.02627911194640742
2024-10-25,539083630.1636593,-0.46091636983634066,-0.022799083225930494
2024-10-28,539837474.1421165,-0.4601625258578834,-0.02143258462416553
2024-10-29,539672479.6145765,-0.46032752038542357,-0.021731671434733202
2024-10-30,539560675.3104631,-0.46043932468953697,-0.021934339930613334
2024-10-31,535982796.2006671,-0.46401720379933287,-0.028419988076037517
2024-11-01,533668853.32606745,-0.4663311466739326,-0.03261448958174096
2024-11-04,535628771.5284152,-0.46437122847158485,-0.029061731239672706
2024-11-05,534081864.1704376,-0.46591813582956243,-0.0318658217440001
2024-11-06,541149195.2436824,-0.45885080475631757,-0.019054818000807106
2024-11-07,546245795.855988,-0.453754204144012,-0.009816172061466788
2024-11-08,546965286.4055688,-0.45303471359443115,-0.008511946176427032
2024-11-11,549318565.8174571,-0.4506814341825429,-0.004246139036216512
2024-11-12,547060199.1908716,-0.45293980080912843,-0.008339897062668356
2024-11-13,540434607.0707397,-0.45956539292926024,-0.02035015731115397
2024-11-14,541776092.7835815,-0.4582239072164185,-0.01791843615495725
2024-11-15,539321610.2616447,-0.4606783897383553,-0.02236769492750501
2024-11-18,539127466.651311,-0.46087253334868894,-0.022719620497840598
2024-11-19,540070227.3511903,-0.45992977264880963,-0.021010671146251325
2024-11-20,542754454.3219209,-0.4572455456780792,-0.016144952897987563
2024-11-21,540949503.9941592,-0.4590504960058408,-0.019416799818074648
2024-11-22,545182115.9717088,-0.45481788402829126,-0.01174431252040864
2024-11-25,549063164.1423451,-0.450936835857655,-0.004709107557425929
2024-11-26,545001028.1021656,-0.45499897189783445,-0.012072571852046243
2024-11-27,544142017.6896548,-0.45585798231034513,-0.013629706433129996
2024-11-28,541450655.2838032,-0.4585493447161968,-0.018508359137852315
2024-11-29,539312678.6423975,-0.4606873213576025,-0.02238388534032465
2024-12-02,540432361.7416335,-0.45956763825836644,-0.02035422743597004
2024-12-03,543152753.223834,-0.45684724677616595,-0.015422953508057113
2024-12-04,542191145.3834001,-0.4578088546165999,-0.01716606721188807
2024-12-05,543375721.9666152,-0.4566242780333848,-0.015018776405162026
2024-12-06,542823960.8294201,-0.4571760391705799,-0.016018957933478295
2024-12-09,541033969.8077512,-0.4589660301922488,-0.019263688007847612
2024-12-10,540201442.0192292,-0.45979855798077085,-0.020772817338924887
2024-12-11,540374458.3411311,-0.45962554165886893,-0.020459189361892616
2024-12-12,544683191.0514147,-0.4553168089485853,-0.012648717444306623
2024-12-13,544962532.8566037,-0.4550374671433962,-0.012142352470765894
2024-12-16,545308868.5482584,-0.45469113145174156,-0.011514547179602097
2024-12-17,546418324.6622896,-0.45358167533771043,-0.009503427807599052
2024-12-18,546361735.8051414,-0.45363826419485853,-0.009606006850979787
2024-12-19,540143893.2028804,-0.45985610679711963,-0.020877136507507776
2024-12-20,537183523.0083845,-0.46281647699161554,-0.02624342163691107
2024-12-23,544906506.4485207,-0.4550934935514793,-0.012243911958531695
2024-12-24,544966651.7991693,-0.45503334820083075,-0.01213488603285906
2024-12-26,547103790.0552453,-0.45289620994475477,-0.008260879577726365
2024-12-27,546863095.1294799,-0.45313690487052016,-0.008697189064715283
2024-12-30,545689080.9257369,-0.45431091907426313,-0.010825333367400103
2025-01-02,546619383.4384109,-0.4533806165615891,-0.009138967064668435
2025-01-03,550635240.5444286,-0.4493647594555714,-0.0018593929391421682
2025-01-06,556707800.812644,-0.44329219918735596,0.0
2025-01-07,557631577.3627995,-0.44236842263720044,0.0
2025-01-08,557441835.8402423,-0.4425581641597577,-0.0003402632316028553
2025-01-09,556825209.5478561,-0.4431747904521439,-0.001446058379184656
2025-01-10,557119317.2957813,-0.44288068270421876,-0.0009186353280796755
2025-01-13,556282034.0311042,-0.4437179659688958,-0.002420134344037095
2025-01-14,557032113.2780865,-0.44296788672191345,-0.0010750181823419025
2025-01-15,558728891.0884765,-0.44127110891152344,0.0
2025-01-16,563176312.2463235,-0.4368236877536765,0.0
2025-01-17,566315871.1273428,-0.43368412887265717,0.0
2025-01-20,564573804.1204201,-0.43542619587957987,-0.003076140182076914
2025-01-21,565400444.9945625,-0.43459955500543745,-0.0016164585515818786
2025-01-22,573204215.2795911,-0.4267957847204089,0.0
2025-01-23,573527472.0980605,-0.42647252790193946,0.0
2025-01-24,577997132.979926,-0.42200286702007406,0.0
2025-01-31,566165232.2202761,-0.43383476777972385,-0.02047051807791722
2025-02-03,554655422.9152341,-0.44534457708476594,-0.040383781740146785
2025-02-04,559930846.6134173,-0.4400691533865827,-0.03125670584794438
2025-02-05,558806789.754673,-0.441193210245327,-0.03320145054407986
2025-02-06,564865809.7895023,-0.4351341902104977,-0.022718664922650733
2025-02-07,563942262.0573637,-0.43605773794263625,-0.024316506294937534
2025-02-10,563872011.0536027,-0.43612798894639726,-0.024438048426814407
2025-02-11,567545908.9110498,-0.43245409108895017,-0.018081792231379623
2025-02-12,568928423.7707355,-0.4310715762292645,-0.01568988614603639
2025-02-13,569856607.1578853,-0.43014339284211467,-0.014084024569587905
2025-02-14,569084336.8950628,-0.43091566310493723,-0.015420138918185167
2025-02-17,569495830.4156982,-0.4305041695843018,-0.014708208880550022
2025-02-18,574098556.5183954,-0.4259014434816045,-0.006744975431679068
2025-02-19,576124401.9046354,-0.42387559809536457,-0.003240035232762284
2025-02-20,573848358.2333444,-0.42615164176665554,-0.0071778465841034755
2025-02-21,572525015.9945996,-0.4274749840054004,-0.009467377384926312
2025-02-24,564727538.237386,-0.435272461762614,-0.022957890247875756
2025-02-25,560436610.2798296,-0.4395633897201704,-0.030381677863281498
2025-02-26,560888787.8554354,-0.4391112121445646,-0.029599359838147876
2025-02-27,563209768.239864,-0.436790231760136,-0.025583802922731103
2025-02-28,552892056.2636062,-0.44710794373639384,-0.04343460422872325
2025-03-04,552805525.4362774,-0.44719447456372263,-0.043584312285029125
2025-03-05,554717983.7101345,-0.4452820162898655,-0.04027554453388604
2025-03-06,553799809.1144669,-0.4462001908855331,-0.04186408977620215
2025-03-07,549783741.2719011,-0.4502162587280989,-0.048812338501694086
2025-03-10,550130135.3277198,-0.4498698646722802,-0.04821303785459086
2025-03-11,545189994.1487933,-0.4548100058512067,-0.056760037306745725
2025-03-12,547374516.8376415,-0.4526254831623585,-0.05298056754089131
2025-03-13,550109901.5661814,-0.44989009843381855,-0.048248044536084445
2025-03-14,552731694.986079,-0.447268305013921,-0.04371204726152944
2025-03-17,558032377.3237526,-0.44196762267624734,-0.03454127108424032
2025-03-18,560797838.2617774,-0.4392021617382226,-0.029756712856819578
2025-03-19,560619497.0706451,-0.43938050292935493,-0.03006526316088909
2025-03-20,564021207.2056396,-0.43597879279436036,-0.024179922315932578
2025-03-21,561884990.6650959,-0.4381150093349041,-0.027875817016188686
2025-03-24,564437924.3013695,-0.4355620756986305,-0.023458954906316776
2025-03-25,564458267.5168726,-0.43554173248312733,-0.02342375885716297
2025-03-26,565227661.7344981,-0.4347723382655019,-0.022092620389989603
2025-03-27,557297174.9009806,-0.44270282509901937,-0.0358132539035696
2025-03-28,550643017.0864178,-0.44935698291358217,-0.0473256947702857
2025-03-31,543167087.301217,-0.456832912698783,-0.0602598935035179
2025-04-01,547338865.9798251,-0.4526611340201748,-0.05304224753164233
2025-04-02,546809392.4804324,-0.45319060751956763,-0.05395829619206216
2025-04-03,544181551.5180779,-0.4558184484819221,-0.058504756394739066
2025-04-04,535235896.01555336,-0.4647641039844467,-0.0739817457984826
2025-04-07,512422964.52299374,-0.48757703547700626,-0.11345068118047164
2025-04-08,522056163.9688074,-0.4779438360311926,-0.09678416348314556
2025-04-09,516392491.59495425,-0.48360750840504574,-0.10658295321875111
2025-04-10,537610087.1161857,-0.46238991288381437,-0.06987412836378715
2025-04-11,535048331.74146426,-0.46495166825853573,-0.07430625307263139
2025-04-14,537215795.5656549,-0.4627842044343451,-0.07055629705984623
2025-04-15,538415027.5644202,-0.46158497243557983,-0.06848149092269018
2025-04-16,533942029.53000164,-0.4660579704699983,-0.0762202802335602
2025-04-17,537736220.2556951,-0.4622637797443049,-0.06965590385658393
2025-04-18,538465379.2951571,-0.46153462070484297,-0.06839437676958493
2025-04-21,536865285.8690742,-0.4631347141309258,-0.07116271822801634
2025-04-22,534569208.28836375,-0.46543079171163626,-0.07513519049422435
2025-04-23,542623500.9186182,-0.4573764990813818,-0.061200359038002916
2025-04-24,543465011.5944533,-0.4565349884055466,-0.059744450993101994
2025-04-25,550268973.8258061,-0.4497310261741938,-0.047972831649119696
2025-04-28,551101272.2188729,-0.44889872778112705,-0.04653286188875816
2025-04-29,553544720.3816869,-0.4464552796183131,-0.042305421952825384
2025-04-30,551216382.2194561,-0.4487836177805439,-0.046333708650765915
2025-05-02,556364280.30792,-0.44363571969208004,-0.0374272663957268
2025-05-07,561109721.8319566,-0.4388902781680434,-0.02921711922843717
2025-05-08,563219289.7810045,-0.43678071021899545,-0.025567329586450915
2025-05-09,564701636.632293,-0.435298363367707,-0.02300270293571638
2025-05-12,567854291.4462698,-0.43214570855373025,-0.017548255786951295
2025-05-13,572417583.9265285,-0.4275824160734716,-0.00965324693676517
2025-05-14,580552894.7592818,-0.41944710524071827,0.0
2025-05-15,575987372.8754375,-0.42401262712456245,-0.007864092876045836
2025-05-16,577921746.5342654,-0.4220782534657346,-0.0045321421161931275
2025-05-19,574405201.7880789,-0.42559479821192114,-0.01058937613901989
2025-05-20,577140895.0080322,-0.42285910499196777,-0.005877155694252956
2025-05-21,577392284.6845202,-0.4226077153154798,-0.005444137998953602
2025-05-22,573981027.4973199,-0.42601897250268006,-0.011320014629651931
2025-05-23,577247424.1887629,-0.42275257581123704,-0.005693659613719482
2025-05-26,579979337.1485014,-0.42002066285149864,-0.0009879506517974646
2025-05-27,582124468.8866792,-0.4178755311133209,0.0
2025-05-28,584593987.9980792,-0.41540601200192084,0.0
2025-05-29,591243323.9115168,-0.4087566760884832,0.0
2025-05-30,584515326.3790133,-0.41548467362098673,-0.011379405500924311
2025-06-02,583368821.7776581,-0.41663117822234186,-0.013318547229866362
2025-06-04,591917238.3241987,-0.40808276167580126,0.0
2025-06-05,593231414.9885286,-0.4067685850114714,0.0
2025-06-09,595476222.4849297,-0.4045237775150703,0.0
2025-06-10,601036838.5527608,-0.3989631614472392,0.0
2025-06-11,603711114.7331935,-0.3962888852668065,0.0
2025-06-12,605279094.3251599,-0.3947209056748401,0.0
2025-06-13,605781622.9358226,-0.3942183770641774,0.0
2025-06-16,613157256.3389561,-0.3868427436610439,0.0
2025-06-17,615559289.2712549,-0.3844407107287451,0.0
2025-06-18,617384782.9519129,-0.3826152170480871,0.0
2025-06-19,620497584.1990415,-0.37950241580095856,0.0
2025-06-20,621056942.1556697,-0.37894305784433036,0.0
2025-06-23,621002569.1471167,-0.3789974308528833,-8.754915187692003e-05
2025-06-24,624270590.9670335,-0.3757294090329665,0.0
2025-06-25,625791924.0718786,-0.37420807592812144,0.0
2025-06-26,623923677.5884409,-0.3760763224115591,-0.0029854116225748184
2025-06-27,625435335.0465181,-0.37456466495348195,-0.0005698204333481893
2025-06-30,626715514.5312893,-0.3732844854687106,0.0
2025-07-01,627916166.821615,-0.372083833178385,0.0
2025-07-02,624692114.8644879,-0.37530788513551216,-0.005134526115877169
2025-07-03,625043888.2687368,-0.3749561117312632,-0.00457430259745828
2025-07-04,620770600.8980162,-0.37922939910198383,-0.0113798088043634
2025-07-07,621795275.9845365,-0.37820472401546346,-0.00974794273582913
2025-07-08,627523216.2704676,-0.3724767837295324,-0.0006258009777585505
2025-07-09,629731331.4954143,-0.37026866850458573,0.0
2025-07-10,633323150.2202903,-0.3666768497797097,0.0
2025-07-11,631772245.1725916,-0.36822775482740844,-0.0024488368176013298
2025-07-14,634500034.623904,-0.36549996537609597,0.0
2025-07-15,641860278.2451978,-0.35813972175480224,0.0
2025-07-16,640031948.8692112,-0.3599680511307888,-0.0028484850020398245
2025-07-17,642808301.8453425,-0.35719169815465746,0.0
2025-07-18,645268914.5234859,-0.3547310854765141,0.0
2025-07-21,647808007.8475304,-0.35219199215246966,0.0
2025-07-22,640690462.5690068,-0.35930953743099325,-0.010987121480904527
2025-07-23,642857967.2395985,-0.35714203276040146,-0.007641215526772105
2025-07-24,645197630.691696,-0.354802369308304,-0.0040295537014243266
2025-07-25,647667620.1447632,-0.3523323798552368,-0.00021671189776362176
2025-07-28,655143529.8060254,-0.3448564701939746,0.0
2025-07-29,658754458.8357823,-0.3412455411642177,0.0
2025-07-30,655899365.2103668,-0.34410063478963315,-0.004334078634490424
2025-07-31,659099711.3583845,-0.3409002886416155,0.0
2025-08-01,649228216.9461132,-0.3507717830538868,-0.014977239774428663
2025-08-04,648654197.6301901,-0.35134580236980983,-0.015848154001867898
2025-08-05,655752796.9956881,-0.3442472030043119,-0.0050780091464438515
2025-08-06,653729960.6324289,-0.34627003936757117,-0.008147099192152174
2025-08-07,653866394.2512193,-0.3461336057487807,-0.007940099224712949
2025-08-08,650282201.4381957,-0.3497177985618043,-0.013378112246500873
2025-08-11,650063406.5729069,-0.34993659342709316,-0.013710072436314835
2025-08-12,646772981.1477904,-0.35322701885220953,-0.018702375373809588
2025-08-13,652208709.2961735,-0.34779129070382653,-0.010455173843133547
2025-08-14,649242119.7958372,-0.3507578802041629,-0.014956146077247046
2025-08-18,643639685.1471858,-0.35636031485281416,-0.023456278230400085
2025-08-19,640587094.2354342,-0.35941290576456586,-0.028087733621968036
2025-08-20,634989443.7522193,-0.36501055624778067,-0.036580607138295695
2025-08-21,637926218.2478291,-0.362073781752171,-0.03212487085894411
2025-08-22,640470882.8232297,-0.3595291171767703,-0.02826405203055149
2025-08-25,645381443.0980431,-0.35461855690195687,-0.02081364628740079
2025-08-26,644920142.7344446,-0.35507985726555535,-0.021513540940135134
2025-08-27,647233944.1543539,-0.35276605584564613,-0.018002992566292675
2025-08-28,647065768.9405519,-0.3529342310594481,-0.018258151551957202
2025-08-29,649327075.9994317,-0.35067292400056826,-0.014827248731169473
2025-09-01,643798978.8551351,-0.35620102114486496,-0.023214594452962256
2025-09-02,645652829.3310653,-0.35434717066893473,-0.020401893363912404
2025-09-03,645629414.244614,-0.35437058575538605,-0.020437419227522624
2025-09-04,647013035.869573,-0.35298696413042696,-0.01833815928078808
2025-09-05,648397113.350541,-0.35160288664945905,-0.016238207699690532
2025-09-08,648426562.6744016,-0.3515734373255983,-0.016193526563660354
2025-09-09,649897397.5249276,-0.3501026024750724,-0.013961944869451015
2025-09-10,658690303.6459258,-0.34130969635407427,-0.0006211620266302065
2025-09-11,664771999.1454151,-0.33522800085458493,0.0
2025-09-12,668574237.5953962,-0.33142576240460386,0.0
2025-09-15,668682354.2003235,-0.3313176457996765,0.0
2025-09-16,675063202.661014,-0.32493679733898606,0.0
2025-09-17,671808149.4022869,-0.32819185059771316,-0.00482184963703558
2025-09-18,676409695.6307458,-0.3235903043692542,0.0
2025-09-19,679008760.337483,-0.32099123966251697,0.0
2025-09-22,683846278.586124,-0.3161537214138761,0.0
2025-09-23,686743431.5888416,-0.31325656841115845,0.0
2025-09-24,685713838.3724041,-0.31428616162759593,-0.0014992399913537069
2025-09-25,682253189.4111931,-0.3177468105888068,-0.006538456679898386
2025-09-26,675368657.3639519,-0.3246313426360481,-0.016563353505359424
2025-09-29,678586530.8186318,-0.32141346918136826,-0.011877653858789805
2025-09-30,680147064.2382835,-0.3198529357617165,-0.009605286409943181
2025-10-01,681099791.7264144,-0.31890020827358556,-0.008217974286801821
2025-10-02,690962192.1764414,-0.3090378078235586,0.0
2025-10-10,703330225.7356671,-0.29666977426433294,0.0
2025-10-13,699540062.1383203,-0.3004599378616797,-0.005388882005436857
2025-10-14,699351670.0796056,-0.3006483299203945,-0.005656739196584493
2025-10-15,710264300.905498,-0.2897356990945019,0.0
2025-10-16,716147199.4939263,-0.28385280050607375,0.0
2025-10-17,708500000.3696283,-0.29149999963037165,-0.010678250406762735
2025-10-20,716110863.3799392,-0.28388913662006077,-5.073833146695961e-05
2025-10-21,714844924.6578407,-0.2851550753421592,-0.0018184457566905454
2025-10-22,716042860.2171726,-0.28395713978282733,-0.00014569529396668557
2025-10-23,712879552.1889,-0.2871204478111,-0.004562815168914214
2025-10-24,723390449.2573812,-0.27660955074261884,0.0
2025-10-27,732803756.549486,-0.26719624345051396,0.0
2025-10-28,730361448.728932,-0.26963855127106795,-0.003332826556531332
2025-10-29,735532430.0405282,-0.26446756995947185,0.0
2025-10-30,742245342.6142104,-0.2577546573857896,0.0
2025-10-31,742281040.7284815,-0.25771895927151844,0.0
2025-11-03,751614350.928334,-0.24838564907166605,0.0
2025-11-04,741889846.1070468,-0.2581101538929531,-0.012938157459708166
2025-11-05,727260958.7364196,-0.2727390412635804,-0.032401446515537
2025-11-06,733350031.1479238,-0.26664996885207615,-0.024300121143045694
2025-11-07,719730496.5883833,-0.2802695034116167,-0.04242049702825701
2025-11-10,734202545.8491795,-0.26579745415082046,-0.023165876300324517
2025-11-11,735042354.7034165,-0.2649576452965835,-0.0220485362000461
2025-11-12,734809074.798757,-0.265190925201243,-0.022358908007571343
2025-11-13,735556037.1450182,-0.26444396285498173,-0.021365097358082452
2025-11-14,715201767.5207769,-0.2847982324792231,-0.04844583310920447
2025-11-17,726822165.4861647,-0.27317783451383526,-0.032985247569512155
2025-11-18,711099281.3376595,-0.28890071866234057,-0.053904066015548424
2025-11-19,709768966.6874076,-0.29023103331259237,-0.05567400913678977
2025-11-20,724130330.4830782,-0.2758696695169217,-0.0365666520487663
2025-11-21,698942945.1537322,-0.30105705484626777,-0.07007770103051691
2025-11-24,699486212.7891569,-0.3005137872108431,-0.06935489998932642
2025-11-25,707683126.7245541,-0.292316873275446,-0.058449155673411024
2025-11-26,712798123.8811228,-0.28720187611887715,-0.0516438077576199
2025-11-27,717202025.2988354,-0.28279797470116463,-0.04578455106264967
2025-11-28,716372148.9890882,-0.2836278510109118,-0.04688867621502635
2025-12-01,712421051.2000073,-0.2875789487999927,-0.05214549147434222
2025-12-02,716152140.5454581,-0.28384785945454194,-0.04718139074789596
2025-12-03,721735765.25179,-0.27826423474820994,-0.03975254815137619
2025-12-04,721527646.865961,-0.27847235313403906,-0.04002944332450853
2025-12-05,733885887.0410519,-0.26611411295894816,-0.023587181199221874
2025-12-08,737551979.5769813,-0.26244802042301874,-0.018709556748063627
2025-12-09,733988537.8193434,-0.2660114621806565,-0.02345060746541172
2025-12-10,734388777.4358697,-0.2656112225641303,-0.022918100846782252
2025-12-11,732730438.9157604,-0.2672695610842396,-0.02512446973537652
2025-12-12,742278906.4820065,-0.25772109351799344,-0.012420524481467243
2025-12-15,728208337.453899,-0.271791662546101,-0.031140987988754754
2025-12-16,717688763.0226452,-0.2823112369773547,-0.04513696134698142
2025-12-17,724162241.2477231,-0.2758377587522769,-0.03652419574839705
2025-12-18,711722469.1385915,-0.2882775308614085,-0.053074933628490695
2025-12-19,717726603.3625995,-0.2822733966374005,-0.04508661592727581
2025-12-22,728727880.0539322,-0.2712721199460678,-0.03044975238449643
2025-12-23,728847378.4473884,-0.27115262155261155,-0.030290763411882193
2025-12-24,725183546.866084,-0.274816453133916,-0.03516537973177969
2025-12-26,723641935.2671831,-0.276358064732817,-0.03721644700716753
2025-12-29,730024473.8776911,-0.2699755261223088,-0.028724673795779365
2025-12-30,728540073.1524986,-0.2714599268475014,-0.030699623746321403
2026-01-02,739323184.05245,-0.2606768159475501,-0.016353023143721224
2026-01-05,755042471.4955738,-0.2449575285044262,0.0
2026-01-06,760811950.8311778,-0.2391880491688222,0.0
2026-01-07,764098435.1377372,-0.23590156486226288,0.0
2026-01-08,763530869.9767553,-0.23646913002324477,-0.0007427906338789425
2026-01-09,768865765.2195165,-0.23113423478048345,0.0
2026-01-12,776275939.4195235,-0.22372406058047656,0.0
2026-01-13,789704807.4503317,-0.21029519254966833,0.0
2026-01-14,794429506.3600583,-0.20557049363994173,0.0
2026-01-15,799250707.8663932,-0.20074929213360682,0.0
2026-01-16,800933807.8906235,-0.1990661921093766,0.0
2026-01-19,807411784.91437,-0.19258821508563007,0.0
2026-01-20,802706941.8428245,-0.19729305815717557,-0.005827067624538662
2026-01-21,808352705.1258565,-0.19164729487414345,0.0
2026-01-22,810078557.5172129,-0.18992144248278708,0.0
2026-01-23,808764951.1981118,-0.19123504880188824,-0.0016215789282549853
2026-01-26,802359000.3884128,-0.1976409996115872,-0.009529393238674855
2026-01-27,811161550.511074,-0.18883844948892603,0.0
2026-01-28,823546772.371384,-0.17645322762861593,0.0
2026-01-29,833820024.3466201,-0.16617997565337994,0.0
2026-01-30,834305171.1082822,-0.16569482889171783,0.0
2026-02-02,806305395.9432282,-0.19369460405677175,-0.03356059165719827
2026-02-03,837938433.8348457,-0.16206156616515432,0.0
2026-02-04,847039035.1594282,-0.15296096484057176,0.0
2026-02-05,825665583.2322658,-0.1743344167677342,-0.02523313689213813
2026-02-06,815010899.2971382,-0.1849891007028618,-0.03781187705978828
2026-02-09,837238688.4963467,-0.16276131150365325,-0.011570123992263093
2026-02-10,837626185.8942453,-0.1623738141057547,-0.011112651099262849
2026-02-11,837557966.9623231,-0.1624420330376769,-0.011193189219810495
2026-02-12,850043228.4383836,-0.14995677156161646,0.0
2026-02-13,843627172.1922314,-0.15637282780776862,-0.007547917601719023
2026-02-19,856703607.4859843,-0.1432963925140157,0.0
2026-02-20,866519098.1007513,-0.13348090189924877,0.0
2026-02-23,867966727.47531,-0.13203327252469,0.0
2026-02-24,879438348.435194,-0.12056165156480603,0.0
2026-02-25,889110012.6236582,-0.11088998737634181,0.0
2026-02-26,911653635.0270069,-0.08834636497299309,0.0
2026-02-27,913122091.3026793,-0.0868779086973207,0.0
2026-03-03,895541020.0835673,-0.10445897991643271,-0.01925380120201725
2026-03-04,830993922.4356695,-0.1690060775643305,-0.08994215521589666
2026-03-05,884694820.7201558,-0.11530517927984418,-0.03113194922484952
2026-03-06,889222508.6337342,-0.1107774913662658,-0.026173479862752425
2026-03-09,854178738.8967961,-0.14582126110320393,-0.06455144713648686
2026-03-10,878497424.1730272,-0.12150257582697288,-0.03791898965039364
2026-03-11,879281556.8957814,-0.12071844310421864,-0.0370602515580587
2026-03-12,879804084.7486267,-0.1201959152513733,-0.03648800841793287
2026-03-13,874574839.0653617,-0.1254251609346383,-0.04221478442420035
2026-03-16,876463783.5900635,-0.1235362164099365,-0.04014611853308503
2026-03-17,881285212.2036539,-0.11871478779634603,-0.03486596086357541
2026-03-18,902520022.8413225,-0.09747997715867751,-0.0116107895782388
2026-03-19,894471310.5965215,-0.10552868940347848,-0.020425286918149377
2026-03-20,895513419.1541649,-0.10448658084583506,-0.019284028188819136
2026-03-23,860999650.7286584,-0.13900034927134153,-0.05708156781056728
2026-03-24,872691569.4422046,-0.1273084305577954,-0.04427723548205442
2026-03-25,890440612.6177845,-0.10955938738221549,-0.02483948083277332
2026-03-26,877173988.4982027,-0.12282601150179728,-0.039368342028821446
2026-03-27,868380552.8828613,-0.1316194471171387,-0.048998418553195644
2026-03-30,850320418.1168002,-0.14967958188319985,-0.06877686323006915
2026-03-31,829052217.6265837,-0.17094778237341635,-0.09206860120551874
2026-04-01,871745024.2666574,-0.12825497573334266,-0.04531383856565396
2026-04-02,854614013.8885227,-0.14538598611147724,-0.06407475842654042
2026-04-03,867335485.757492,-0.13266451424250802,-0.050142917339637716
2026-04-06,869192292.71109,-0.13080770728891,-0.04810944671037165
2026-04-07,871231515.6877024,-0.1287684843122976,-0.04587620430386796
2026-04-08,901023762.7786838,-0.09897623722131621,-0.013249409514050625
2026-04-09,897102154.4741353,-0.10289784552586467,-0.017544134547976653
2026-04-10,906083519.481139,-0.09391648051886103,-0.0077082483148546155
2026-04-13,908379332.4369695,-0.09162066756303044,-0.005194002982606305
2026-04-14,925688477.2221714,-0.0743115227778286,0.0
2026-04-15,937040509.7889597,-0.0629594902110403,0.0
2026-04-16,945415534.0039847,-0.0545844659960153,0.0
2026-04-17,942413662.4644879,-0.05758633753551212,-0.003175187450943806
2026-04-20,946783773.5872873,-0.05321622641271273,0.0
2026-04-21,957036404.3813984,-0.042963595618601524,0.0
2026-04-22,968064568.3851683,-0.0319354316148317,0.0
2026-04-23,975054420.2852033,-0.024945579714796717,0.0
2026-04-24,987318647.4475808,-0.0126813525524192,0.0
2026-04-27,1000769995.280535,0.0007699952805348964,0.0
2026-04-28,1001547624.2943599,0.0015476242943599505,0.0
2026-04-29,1003482059.9244534,0.0034820599244533845,0.0
2026-04-30,1004749878.6353656,0.00474987863536569,0.0
2026-05-04,1040540508.513253,0.04054050851325308,0.0
2026-05-06,1073629112.091712,0.07362911209171208,0.0
2026-05-07,1075393818.47721,0.07539381847721005,0.0
2026-05-08,1077027439.2332966,0.07702743923329658,0.0
2026-05-11,1093871665.7889807,0.09387166578898065,0.0
2026-05-12,1085991708.2619007,0.08599170826190061,-0.007203731272622749
2026-05-13,1103081389.1470332,0.10308138914703324,0.0
2026-05-14,1105318948.6914186,0.10531894869141856,0.0
2026-05-15,1070654400.6354591,0.07065440063545902,-0.031361579476221535
2026-05-18,1064723883.1716899,0.06472388317168987,-0.03672701491980124
2026-05-19,1037967277.8634734,0.037967277863473425,-0.060934150190478986
2026-05-20,1033065885.9727926,0.033065885972792586,-0.06536851901812235
2026-05-21,1085114947.1102874,0.08511494711028744,-0.018278888283830286
2026-05-22,1100858833.5717478,0.10085883357174774,-0.0040351385678777385
2026-05-26,1122849069.023136,0.12284906902313586,0.0
2026-05-27,1121534821.9218576,0.1215348219218575,-0.0011704574884865426
2026-05-28,1115308224.1576035,0.11530822415760356,-0.00671581343705685
2026-05-29,1143989345.9900417,0.14398934599004165,0.0
2026-06-01,1149334753.3193552,0.1493347533193552,0.0
2026-06-02,1136297461.4887218,0.1362974614887218,-0.01134333734621773
